DATE,START TIME,END TIME,USAGE,APPLICATION
11-01-2023,11:49:42,11:50:34,52,Thunar
11-01-2023,11:50:34,11:50:51,17,xfdesktop
11-01-2023,11:50:51,11:50:53,2,panel-1-whisker
11-01-2023,11:50:53,11:52:16,83,sublime_text
11-01-2023,11:52:16,11:52:20,4,panel-1-whisker
11-01-2023,11:52:20,11:52:57,37,xfce4-session-settings
11-01-2023,11:52:57,11:53:05,8,qterminal
11-01-2023,11:53:05,11:53:14,9,xfce4-session-settings
11-01-2023,11:53:14,11:53:15,1,qterminal
11-01-2023,11:53:15,11:54:25,70,xfce4-session-settings
11-01-2023,11:54:25,11:54:28,3,qterminal
11-01-2023,11:54:28,11:54:38,10,xfce4-session-settings
11-01-2023,11:54:38,11:54:39,1,qterminal
11-01-2023,11:54:39,11:54:41,2,panel-1-whisker
11-01-2023,11:54:41,11:54:54,13,xfce4-session-settings
11-01-2023,11:54:54,11:54:58,4,qterminal
11-01-2023,11:54:58,11:55:00,2,sublime_text
11-01-2023,11:55:00,11:55:08,8,xfdesktop
11-01-2023,11:55:08,11:55:09,1,panel-1-whisker
11-01-2023,11:55:09,11:55:16,7,Thunar
11-01-2023,11:55:16,11:56:23,67,xfdesktop
11-01-2023,11:56:23,11:56:37,14,xfce4-taskmanager
11-01-2023,11:56:37,11:56:43,6,Thunar
11-01-2023,11:56:43,11:56:44,1,xfdesktop
11-01-2023,11:56:44,11:56:46,2,panel-1-whisker
11-01-2023,11:56:46,11:56:47,1,xfdesktop
11-01-2023,11:56:47,12:02:38,351,firefox-esr
11-01-2023,12:02:38,12:08:52,374,mousepad
11-01-2023,12:08:52,12:09:02,10,Thunar
11-01-2023,12:09:02,12:10:54,112,mousepad
11-01-2023,12:10:54,12:15:26,272,qterminal
11-01-2023,12:15:26,12:19:27,241,mousepad
11-01-2023,12:19:27,12:23:41,254,firefox-esr
11-01-2023,12:23:41,12:24:06,25,mousepad
11-01-2023,12:24:06,12:24:08,2,panel-1-whisker
11-01-2023,12:24:08,12:25:02,54,Thunar
11-01-2023,12:25:02,12:25:07,5,mousepad
11-01-2023,12:25:07,12:25:28,21,panel-1-whisker
11-01-2023,12:25:28,12:27:00,92,code
11-01-2023,12:27:00,12:27:01,1,mousepad
11-01-2023,12:27:01,12:29:28,147,firefox-esr
11-01-2023,12:29:28,12:29:35,7,panel-1-whisker
11-01-2023,12:29:35,12:30:25,50,qterminal
11-01-2023,12:30:25,12:42:09,704,firefox-esr
11-01-2023,12:42:09,12:42:15,6,panel-1-whisker
11-01-2023,12:42:15,12:42:38,23,sublime_text
11-01-2023,12:42:38,12:42:43,5,Thunar
11-01-2023,12:42:43,12:42:48,5,sublime_text
11-01-2023,12:42:48,12:46:49,241,firefox-esr
11-01-2023,12:46:49,12:48:04,75,sublime_text
11-01-2023,12:48:04,13:32:45,2681,firefox-esr
11-01-2023,13:32:45,13:32:50,5,sublime_text
11-01-2023,13:32:50,13:33:13,23,Thunar
11-01-2023,13:33:13,13:33:15,2,sublime_text
11-01-2023,13:33:15,13:36:57,222,firefox-esr
11-01-2023,13:36:57,13:37:41,44,sublime_text
11-01-2023,13:37:41,13:37:44,3,Thunar
11-01-2023,13:37:44,13:37:46,2,sublime_text
11-01-2023,13:37:46,13:38:09,23,Thunar
11-01-2023,13:38:09,13:38:50,41,sublime_text
11-01-2023,13:38:50,13:38:52,2,Thunar
11-01-2023,13:38:52,13:44:59,367,firefox-esr
11-01-2023,13:44:59,13:45:00,1,qterminal
11-01-2023,13:45:00,15:30:12,6312,xfdesktop
11-01-2023,15:30:12,15:30:39,27,sublime_text
11-01-2023,15:30:39,15:30:45,6,Thunar
11-01-2023,15:30:45,15:31:28,43,sublime_text
11-01-2023,15:31:28,15:31:29,1,panel-1-whisker
11-01-2023,15:31:29,15:31:30,1,sublime_text
11-01-2023,15:31:30,15:31:38,8,firefox-esr
11-01-2023,15:31:38,15:34:17,159,sublime_text
11-01-2023,15:34:17,16:02:23,1686,firefox-esr
11-01-2023,16:02:23,16:03:10,47,sublime_text
11-01-2023,16:03:10,16:07:56,286,firefox-esr
11-01-2023,16:07:56,16:12:52,296,sublime_text
11-01-2023,16:12:52,16:17:50,298,firefox-esr
11-01-2023,16:17:50,16:18:02,12,sublime_text
11-01-2023,16:18:02,16:19:57,115,qterminal
11-01-2023,16:19:57,16:19:59,2,sublime_text
11-01-2023,16:19:59,16:20:14,15,firefox-esr
11-01-2023,16:20:14,16:20:45,31,sublime_text
11-01-2023,16:20:45,16:21:27,42,firefox-esr
11-01-2023,16:21:27,16:22:05,38,sublime_text
11-01-2023,16:22:05,16:22:27,22,firefox-esr
11-01-2023,16:22:27,16:22:41,14,Thunar
11-01-2023,16:22:41,16:23:13,32,qterminal
11-01-2023,16:23:13,16:23:18,5,sublime_text
11-01-2023,16:23:18,16:23:32,14,sublime_merge
11-01-2023,16:23:32,16:23:36,4,qterminal
11-01-2023,16:23:36,16:25:48,132,sublime_merge
11-01-2023,16:25:48,16:25:55,7,sublime_text
11-01-2023,16:25:55,16:27:07,72,firefox-esr
11-01-2023,16:27:07,16:27:09,2,sublime_text
11-01-2023,16:27:09,16:27:35,26,firefox-esr
11-01-2023,16:27:35,16:27:45,10,qterminal
11-01-2023,16:27:45,16:27:47,2,firefox-esr
11-01-2023,16:27:47,16:28:11,24,qterminal
11-01-2023,16:28:11,16:28:52,41,firefox-esr
11-01-2023,16:28:52,16:28:58,6,qterminal
11-01-2023,16:28:58,16:29:02,4,firefox-esr
11-01-2023,16:29:02,16:29:13,11,qterminal
11-01-2023,16:29:13,16:29:45,32,firefox-esr
11-01-2023,16:29:45,16:29:52,7,qterminal
11-01-2023,16:29:52,16:30:01,9,firefox-esr
11-01-2023,16:30:01,16:30:06,5,qterminal
11-01-2023,16:30:06,16:30:11,5,firefox-esr
11-01-2023,16:30:11,16:30:22,11,qterminal
11-01-2023,16:30:22,16:30:34,12,firefox-esr
11-01-2023,16:30:34,16:30:38,4,qterminal
11-01-2023,16:30:38,16:31:34,56,firefox-esr
11-01-2023,16:31:34,16:31:45,11,sublime_text
11-01-2023,16:31:45,16:31:46,1,firefox-esr
11-01-2023,16:31:46,16:31:48,2,sublime_text
11-01-2023,16:31:48,16:31:50,2,firefox-esr
11-01-2023,16:31:50,16:31:56,6,sublime_text
11-01-2023,16:31:56,16:32:12,16,firefox-esr
11-01-2023,16:32:12,16:32:13,1,sublime_text
11-01-2023,16:32:13,16:32:18,5,qterminal
11-01-2023,16:32:18,16:32:21,3,sublime_text
11-01-2023,16:32:21,16:32:28,7,firefox-esr
11-01-2023,16:32:28,16:32:34,6,sublime_text
11-01-2023,16:32:34,16:32:36,2,firefox-esr
11-01-2023,16:32:36,16:32:40,4,sublime_text
11-01-2023,16:32:40,19:51:04,11904,firefox-esr
11-01-2023,19:51:04,20:04:19,795,xfdesktop
11-01-2023,20:04:19,20:04:24,5,Thunar
11-01-2023,20:04:24,20:10:07,343,firefox-esr
11-01-2023,20:10:07,20:10:54,47,qterminal
11-01-2023,20:10:54,20:16:59,365,firefox-esr
11-01-2023,20:16:59,20:17:01,2,Thunar
11-01-2023,20:17:01,20:17:13,12,soffice.bin
11-01-2023,20:17:13,20:17:15,2,Thunar
11-01-2023,20:17:15,20:19:08,113,firefox-esr
11-01-2023,20:19:08,20:19:10,2,Thunar
11-01-2023,20:19:10,20:19:16,6,soffice.bin
11-01-2023,20:19:16,20:19:18,2,Thunar
11-01-2023,20:19:18,20:20:41,83,firefox-esr
11-01-2023,20:20:41,20:20:47,6,panel-1-whisker
11-01-2023,20:20:47,20:21:00,13,soffice.bin
11-01-2023,20:21:00,20:21:01,1,firefox-esr
11-01-2023,20:21:01,20:21:02,1,soffice.bin
11-01-2023,20:21:02,20:21:06,4,firefox-esr
11-01-2023,20:21:06,20:21:10,4,soffice.bin
11-01-2023,20:21:10,20:21:12,2,firefox-esr
11-01-2023,20:21:12,20:21:23,11,soffice.bin
11-01-2023,20:21:23,20:21:25,2,firefox-esr
11-01-2023,20:21:25,20:21:31,6,soffice.bin
11-01-2023,20:21:31,20:21:39,8,firefox-esr
11-01-2023,20:21:39,20:21:42,3,soffice.bin
11-01-2023,20:21:42,20:21:44,2,firefox-esr
11-01-2023,20:21:44,20:21:45,1,soffice.bin
11-01-2023,20:21:45,20:21:49,4,firefox-esr
11-01-2023,20:21:49,20:21:53,4,soffice.bin
11-01-2023,20:21:53,20:21:54,1,firefox-esr
11-01-2023,20:21:54,20:22:06,12,soffice.bin
11-01-2023,20:22:06,20:22:09,3,firefox-esr
11-01-2023,20:22:09,20:22:21,12,soffice.bin
11-01-2023,20:22:21,20:22:25,4,firefox-esr
11-01-2023,20:22:25,20:22:27,2,soffice.bin
11-01-2023,20:22:27,20:22:28,1,firefox-esr
11-01-2023,20:22:28,20:23:24,56,soffice.bin
11-01-2023,20:23:24,20:23:47,23,firefox-esr
11-01-2023,20:23:47,20:24:11,24,soffice.bin
11-01-2023,20:24:11,20:25:07,56,firefox-esr
11-01-2023,20:25:07,20:26:46,99,soffice.bin
11-01-2023,20:26:46,20:27:49,63,firefox-esr
11-01-2023,20:27:49,20:28:02,13,soffice.bin
11-01-2023,20:28:02,20:28:44,42,firefox-esr
11-01-2023,20:28:44,20:28:47,3,Thunar
11-01-2023,20:28:47,20:28:49,2,soffice.bin
11-01-2023,20:28:49,20:28:51,2,Thunar
11-01-2023,20:28:51,20:28:52,1,firefox-esr
11-01-2023,20:28:52,20:28:54,2,Thunar
11-01-2023,20:28:54,20:42:23,809,firefox-esr
11-01-2023,20:42:23,20:42:30,7,Thunar
11-01-2023,20:42:30,22:02:48,4818,firefox-esr
11-01-2023,22:02:48,23:27:25,5077,xfdesktop
11-01-2023,23:27:25,23:29:52,147,firefox-esr
11-01-2023,23:29:52,23:30:02,10,panel-1-whisker
11-01-2023,23:30:02,23:53:27,1405,firefox-esr
11-01-2023,23:53:27,23:53:50,23,qterminal
11-01-2023,23:53:50,00:15:20,1290,firefox-esr
12-01-2023,00:15:20,00:15:32,12,qterminal
12-01-2023,00:15:32,00:39:43,1451,firefox-esr
12-01-2023,00:39:43,00:39:46,3,qterminal
12-01-2023,00:39:46,09:29:59,31813,xfdesktop
12-01-2023,09:29:59,09:30:24,25,xfdesktop
12-01-2023,09:30:24,09:30:26,2,panel-1-whisker
12-01-2023,09:30:26,09:30:27,1,xfdesktop
12-01-2023,09:30:27,09:44:30,843,firefox-esr
12-01-2023,09:44:30,09:44:59,29,qterminal
12-01-2023,09:44:59,09:46:59,120,firefox-esr
12-01-2023,09:46:59,09:47:02,3,Thunar
12-01-2023,09:47:02,09:47:44,42,sublime_text
12-01-2023,09:47:44,10:19:25,1901,firefox-esr
12-01-2023,10:19:25,10:19:26,1,panel-1-whisker
12-01-2023,10:19:26,10:56:07,2201,firefox-esr
12-01-2023,10:56:07,10:56:16,9,Thunar
12-01-2023,10:56:16,11:14:39,1103,firefox-esr
12-01-2023,11:14:39,11:17:48,189,sublime_text
12-01-2023,11:17:48,11:17:54,6,Thunar
12-01-2023,11:17:54,11:20:05,131,sublime_text
12-01-2023,11:20:05,15:16:14,14169,firefox-esr
12-01-2023,15:16:14,15:16:16,2,panel-1-whisker
12-01-2023,15:16:16,15:16:17,1,xfdesktop
12-01-2023,15:16:17,15:19:23,186,sublime_text
12-01-2023,15:19:23,15:21:53,150,firefox-esr
12-01-2023,15:21:53,15:26:20,267,sublime_text
12-01-2023,15:26:20,15:31:16,296,firefox-esr
12-01-2023,15:31:16,15:31:24,8,sublime_text
12-01-2023,15:31:24,15:31:42,18,firefox-esr
12-01-2023,15:31:42,15:31:52,10,sublime_text
12-01-2023,15:31:52,15:34:43,171,firefox-esr
12-01-2023,15:34:43,15:35:35,52,sublime_text
12-01-2023,15:35:35,15:35:45,10,firefox-esr
12-01-2023,15:35:45,15:36:13,28,sublime_text
12-01-2023,15:36:13,15:36:40,27,firefox-esr
12-01-2023,15:36:40,15:36:47,7,sublime_text
12-01-2023,15:36:47,15:36:51,4,firefox-esr
12-01-2023,15:36:51,15:36:53,2,sublime_text
12-01-2023,15:36:53,15:36:59,6,firefox-esr
12-01-2023,15:36:59,15:37:34,35,sublime_text
12-01-2023,15:37:34,15:38:10,36,firefox-esr
12-01-2023,15:38:10,15:39:02,52,sublime_text
12-01-2023,15:39:02,15:40:55,113,firefox-esr
12-01-2023,15:40:55,16:03:24,1349,sublime_text
12-01-2023,16:03:24,16:03:30,6,Thunar
12-01-2023,16:03:30,16:05:00,90,sublime_text
12-01-2023,16:05:00,16:08:25,205,firefox-esr
12-01-2023,16:08:25,20:03:44,14119,xfdesktop
12-01-2023,20:03:44,20:04:28,44,xfdesktop
12-01-2023,20:04:28,20:04:29,1,panel-1-whisker
12-01-2023,20:04:29,20:04:31,2,xfdesktop
12-01-2023,20:04:31,20:21:42,1031,firefox-esr
12-01-2023,20:21:42,20:21:50,8,Thunar
12-01-2023,20:21:50,21:56:57,5707,firefox-esr
12-01-2023,21:56:57,23:39:19,6142,xfdesktop
12-01-2023,23:39:19,23:39:38,19,Thunar
12-01-2023,23:39:38,23:40:41,63,firefox-esr
12-01-2023,23:40:41,23:40:42,1,Thunar
12-01-2023,23:40:42,23:44:08,206,firefox-esr
12-01-2023,23:44:08,23:44:09,1,Thunar
12-01-2023,23:44:09,00:25:32,2483,firefox-esr
13-01-2023,00:25:32,09:04:45,31153,xfdesktop
13-01-2023,09:04:45,09:04:46,1,xfdesktop
13-01-2023,09:04:46,09:04:50,4,panel-1-whisker
13-01-2023,09:04:50,09:04:51,1,xfdesktop
13-01-2023,09:04:51,09:06:20,89,firefox-esr
13-01-2023,09:06:20,09:06:21,1,panel-1-whisker
13-01-2023,09:06:21,09:06:22,1,firefox-esr
13-01-2023,09:06:22,09:06:24,2,sublime_text
13-01-2023,09:06:24,09:12:27,363,firefox-esr
13-01-2023,09:12:27,13:44:59,16352,xfdesktop
13-01-2023,13:44:59,15:26:56,6117,xfdesktop
14-01-2023,15:26:56,15:27:00,4,xfdesktop
14-01-2023,15:27:00,15:40:48,828,firefox-esr
14-01-2023,15:40:48,15:40:49,1,panel-1-whisker
14-01-2023,15:40:49,15:40:52,3,firefox-esr
14-01-2023,15:40:52,15:40:55,3,panel-1-whisker
14-01-2023,15:40:55,15:41:29,34,sublime_text
14-01-2023,15:41:29,15:42:04,35,firefox-esr
14-01-2023,15:42:04,15:42:06,2,sublime_text
14-01-2023,15:42:06,15:42:23,17,firefox-esr
14-01-2023,15:42:23,15:44:27,124,sublime_text
14-01-2023,15:44:27,16:06:29,1322,firefox-esr
14-01-2023,16:06:29,16:08:25,116,sublime_text
14-01-2023,16:08:25,16:08:40,15,firefox-esr
14-01-2023,16:08:40,16:09:40,60,sublime_text
14-01-2023,16:09:40,16:36:13,1593,firefox-esr
14-01-2023,16:36:13,16:36:14,1,sublime_text
14-01-2023,16:36:14,17:27:53,3099,xfdesktop
14-01-2023,17:27:53,20:59:27,12694,xfdesktop
14-01-2023,20:59:27,21:02:41,194,sublime_text
14-01-2023,21:02:41,21:02:43,2,panel-1-whisker
14-01-2023,21:02:43,21:03:03,20,sublime_text
14-01-2023,21:03:03,21:03:11,8,firefox-esr
14-01-2023,21:03:11,21:04:25,74,sublime_text
14-01-2023,21:04:25,21:04:43,18,firefox-esr
14-01-2023,21:04:43,21:05:15,32,sublime_text
14-01-2023,21:05:15,21:07:21,126,firefox-esr
14-01-2023,21:07:21,21:07:59,38,sublime_text
14-01-2023,21:07:59,21:08:19,20,firefox-esr
14-01-2023,21:08:19,21:08:46,27,sublime_text
14-01-2023,21:08:46,21:09:01,15,firefox-esr
14-01-2023,21:09:01,21:09:07,6,sublime_text
14-01-2023,21:09:07,21:11:41,154,firefox-esr
14-01-2023,21:11:41,21:11:55,14,sublime_text
14-01-2023,21:11:55,21:20:53,538,firefox-esr
14-01-2023,21:20:53,21:21:13,20,sublime_text
14-01-2023,21:21:13,21:29:12,479,firefox-esr
14-01-2023,21:29:12,21:29:18,6,Thunar
14-01-2023,21:29:18,21:29:19,1,engrampa
14-01-2023,21:29:19,21:29:28,9,Thunar
14-01-2023,21:29:28,21:29:35,7,atril
14-01-2023,21:29:35,21:29:41,6,Thunar
14-01-2023,21:29:41,21:29:49,8,atril
14-01-2023,21:29:49,21:29:50,1,Thunar
14-01-2023,21:29:50,21:31:58,128,firefox-esr
14-01-2023,21:31:58,21:32:20,22,Thunar
14-01-2023,21:32:20,21:32:27,7,Thunar
14-01-2023,21:32:27,21:32:31,4,atril
14-01-2023,21:32:31,21:32:33,2,Thunar
14-01-2023,21:32:33,21:33:09,36,atril
14-01-2023,21:33:09,21:33:11,2,Thunar
14-01-2023,21:33:11,21:37:12,241,firefox-esr
14-01-2023,21:37:12,21:37:51,39,Thunar
14-01-2023,21:37:51,21:40:21,150,atril
14-01-2023,21:40:21,21:43:43,202,firefox-esr
14-01-2023,21:43:43,21:46:07,144,atril
14-01-2023,21:46:07,21:46:12,5,scp-dbus-servic
14-01-2023,21:46:12,21:47:00,48,atril
14-01-2023,21:47:00,21:47:14,14,scp-dbus-servic
14-01-2023,21:47:14,21:48:32,78,atril
14-01-2023,21:48:32,21:48:38,6,scp-dbus-servic
14-01-2023,21:48:38,21:48:55,17,atril
14-01-2023,21:48:55,21:49:35,40,scp-dbus-servic
14-01-2023,21:49:35,21:50:02,27,firefox-esr
14-01-2023,21:50:02,21:50:09,7,scp-dbus-servic
14-01-2023,21:50:09,21:50:40,31,firefox-esr
14-01-2023,21:50:40,21:52:33,113,atril
14-01-2023,21:52:33,21:54:21,108,firefox-esr
14-01-2023,21:54:21,21:54:26,5,panel-1-whisker
14-01-2023,21:54:26,21:56:32,126,firefox-esr
14-01-2023,21:56:32,21:57:05,33,atril
14-01-2023,21:57:05,21:58:37,92,firefox-esr
14-01-2023,21:58:37,21:58:38,1,atril
14-01-2023,21:58:38,21:59:37,59,firefox-esr
14-01-2023,21:59:37,21:59:40,3,Thunar
14-01-2023,21:59:40,22:04:59,319,atril
14-01-2023,22:04:59,22:05:01,2,firefox-esr
14-01-2023,22:05:01,22:05:15,14,xfdesktop
14-01-2023,22:05:15,23:05:50,3635,atril
14-01-2023,23:05:50,23:05:55,5,Thunar
14-01-2023,23:05:55,23:06:12,17,atril
14-01-2023,23:06:12,23:06:21,9,Thunar
14-01-2023,23:06:21,00:43:45,5844,firefox-esr
15-01-2023,00:43:45,00:43:48,3,Thunar
15-01-2023,00:43:48,19:19:08,66920,xfdesktop
15-01-2023,19:19:08,19:19:09,1,panel-1-whisker
15-01-2023,19:19:09,19:19:13,4,Thunar
15-01-2023,19:19:13,19:23:35,262,firefox-esr
15-01-2023,19:23:35,19:23:36,1,panel-1-whisker
15-01-2023,19:23:36,19:23:50,14,Thunar
15-01-2023,19:23:50,19:25:04,74,firefox-esr
15-01-2023,19:25:04,19:25:17,13,Thunar
15-01-2023,19:25:17,19:25:20,3,ristretto
15-01-2023,19:25:20,19:25:49,29,Thunar
15-01-2023,19:25:49,19:31:43,354,firefox-esr
15-01-2023,19:31:43,19:31:53,10,Thunar
15-01-2023,19:31:53,19:31:58,5,engrampa
15-01-2023,19:31:58,19:34:28,150,Thunar
15-01-2023,19:34:28,20:44:06,4178,Telegram
15-01-2023,20:44:06,20:44:15,9,Thunar
15-01-2023,20:44:15,21:19:39,2124,firefox-esr
15-01-2023,21:19:39,21:19:40,1,panel-1-whisker
15-01-2023,21:19:40,21:19:41,1,firefox-esr
15-01-2023,21:19:41,21:20:02,21,sublime_text
15-01-2023,21:20:02,21:21:20,78,firefox-esr
15-01-2023,21:21:20,21:21:24,4,Thunar
15-01-2023,21:21:24,21:22:17,53,Telegram
15-01-2023,21:22:17,21:22:18,1,Thunar
15-01-2023,21:22:18,21:26:10,232,Telegram
15-01-2023,21:26:10,21:26:27,17,firefox-esr
15-01-2023,21:26:27,21:26:55,28,Telegram
15-01-2023,21:26:55,21:26:58,3,firefox-esr
15-01-2023,21:26:58,21:27:06,8,sublime_text
15-01-2023,21:27:06,21:29:17,131,firefox-esr
15-01-2023,21:29:17,21:29:54,37,Telegram
15-01-2023,21:29:54,21:29:55,1,firefox-esr
15-01-2023,21:29:55,21:30:03,8,sublime_text
15-01-2023,21:30:03,21:30:28,25,firefox-esr
15-01-2023,21:30:28,21:30:40,12,Telegram
15-01-2023,21:30:40,21:30:43,3,firefox-esr
15-01-2023,21:30:43,21:31:06,23,Telegram
15-01-2023,21:31:06,21:31:07,1,firefox-esr
15-01-2023,21:31:07,21:31:53,46,Telegram
15-01-2023,21:31:53,21:32:40,47,firefox-esr
15-01-2023,21:32:40,21:33:06,26,Telegram
15-01-2023,21:33:06,21:33:20,14,firefox-esr
15-01-2023,21:33:20,21:33:22,2,Thunar
15-01-2023,21:33:22,21:33:24,2,Telegram
15-01-2023,21:33:24,21:33:27,3,Thunar
15-01-2023,21:33:27,21:33:31,4,Telegram
15-01-2023,21:33:31,21:33:59,28,sublime_text
15-01-2023,21:33:59,21:34:16,17,firefox-esr
15-01-2023,21:34:16,21:34:18,2,Telegram
15-01-2023,21:34:18,21:34:36,18,firefox-esr
15-01-2023,21:34:36,21:34:49,13,Telegram
15-01-2023,21:34:49,21:35:24,35,firefox-esr
15-01-2023,21:35:24,21:35:27,3,Telegram
15-01-2023,21:35:27,21:35:53,26,firefox-esr
15-01-2023,21:35:53,21:35:56,3,Telegram
15-01-2023,21:35:56,21:36:00,4,firefox-esr
15-01-2023,21:36:00,21:36:09,9,Telegram
15-01-2023,21:36:09,21:36:13,4,firefox-esr
15-01-2023,21:36:13,21:37:35,82,Telegram
15-01-2023,21:37:35,21:37:55,20,firefox-esr
15-01-2023,21:37:55,21:38:47,52,Telegram
15-01-2023,21:38:47,21:38:58,11,firefox-esr
15-01-2023,21:38:58,21:39:27,29,Telegram
15-01-2023,21:39:27,21:39:30,3,firefox-esr
15-01-2023,21:39:30,21:45:26,356,Telegram
15-01-2023,21:45:26,21:45:27,1,sublime_text
15-01-2023,21:45:27,22:24:09,2322,xfdesktop
18-01-2023,22:24:09,22:24:13,4,nm-applet
18-01-2023,22:24:13,22:24:15,2,mousepad
18-01-2023,22:24:15,22:24:20,5,Thunar
18-01-2023,22:24:20,22:26:22,122,mousepad
18-01-2023,22:26:22,22:42:24,962,firefox-esr
18-01-2023,22:42:24,22:43:11,47,nm-applet
18-01-2023,22:43:11,23:04:21,1270,firefox-esr
18-01-2023,23:04:21,23:04:23,2,panel-1-whisker
18-01-2023,23:04:23,23:04:30,7,sublime_text
18-01-2023,23:04:30,23:04:44,14,firefox-esr
18-01-2023,23:04:44,23:05:04,20,sublime_text
18-01-2023,23:05:04,23:10:40,336,firefox-esr
18-01-2023,23:10:40,23:10:42,2,nm-applet
18-01-2023,23:10:42,00:57:47,6425,firefox-esr
19-01-2023,00:57:47,00:59:00,73,sublime_text
19-01-2023,00:59:00,00:59:02,2,firefox-esr
19-01-2023,00:59:02,00:59:18,16,sublime_text
19-01-2023,00:59:18,00:59:23,5,firefox-esr
19-01-2023,00:59:23,00:59:39,16,sublime_text
19-01-2023,00:59:39,00:59:57,18,firefox-esr
19-01-2023,00:59:57,01:02:29,152,sublime_text
19-01-2023,01:02:29,01:02:53,24,firefox-esr
19-01-2023,01:02:53,01:05:07,134,sublime_text
19-01-2023,01:05:07,01:06:11,64,firefox-esr
19-01-2023,01:06:11,01:07:41,90,sublime_text
19-01-2023,01:07:41,01:07:56,15,firefox-esr
19-01-2023,01:07:56,01:08:15,19,sublime_text
19-01-2023,01:08:15,01:14:26,371,firefox-esr
19-01-2023,01:14:26,01:17:09,163,xfce4-panel
19-01-2023,01:17:09,01:18:01,52,firefox-esr
19-01-2023,01:18:01,01:18:20,19,sublime_text
19-01-2023,01:18:20,01:19:40,80,firefox-esr
19-01-2023,01:19:40,01:20:25,45,sublime_text
19-01-2023,01:20:25,01:20:26,1,firefox-esr
19-01-2023,01:20:26,01:23:01,155,sublime_text
19-01-2023,01:23:01,01:23:14,13,firefox-esr
19-01-2023,01:23:14,01:23:51,37,sublime_text
19-01-2023,01:23:51,01:24:08,17,firefox-esr
19-01-2023,01:24:08,01:25:11,63,sublime_text
19-01-2023,01:25:11,01:26:16,65,firefox-esr
19-01-2023,01:26:16,01:26:19,3,sublime_text
19-01-2023,01:26:19,01:26:26,7,firefox-esr
19-01-2023,01:26:26,01:26:27,1,sublime_text
19-01-2023,01:26:27,01:26:30,3,mousepad
19-01-2023,01:26:30,01:26:43,13,sublime_text
19-01-2023,01:26:43,01:27:14,31,firefox-esr
19-01-2023,01:27:14,01:27:16,2,sublime_text
19-01-2023,01:27:16,01:30:27,191,firefox-esr
19-01-2023,01:30:27,01:30:28,1,sublime_text
19-01-2023,01:30:28,08:23:39,24791,xfdesktop
19-01-2023,08:23:39,08:23:40,1,xfdesktop
19-01-2023,08:23:40,08:23:41,1,panel-1-whisker
19-01-2023,08:23:41,08:23:42,1,xfdesktop
19-01-2023,08:23:42,08:24:01,19,firefox-esr
19-01-2023,08:24:01,08:36:42,761,xfdesktop
19-01-2023,08:36:42,08:36:45,3,nm-applet
19-01-2023,08:36:45,08:52:20,935,firefox-esr
19-01-2023,08:52:20,10:01:02,4122,xfdesktop
19-01-2023,10:01:02,10:01:04,2,nm-applet
19-01-2023,10:01:04,10:05:27,263,firefox-esr
19-01-2023,10:05:27,10:05:29,2,nm-applet
19-01-2023,10:05:29,10:54:04,2915,firefox-esr
19-01-2023,10:54:04,10:54:09,5,Thunar
19-01-2023,10:54:09,10:59:47,338,firefox-esr
19-01-2023,10:59:47,10:59:48,1,panel-1-whisker
19-01-2023,10:59:48,11:00:18,30,firefox-esr
19-01-2023,11:00:18,11:00:20,2,panel-1-whisker
19-01-2023,11:00:20,11:00:22,2,sublime_text
19-01-2023,11:00:22,11:08:34,492,firefox-esr
19-01-2023,11:08:34,11:10:21,107,sublime_text
19-01-2023,11:10:21,11:10:22,1,firefox-esr
19-01-2023,11:10:22,11:12:01,99,sublime_text
19-01-2023,11:12:01,11:12:09,8,firefox-esr
19-01-2023,11:12:09,11:12:15,6,sublime_text
19-01-2023,11:12:15,11:25:17,782,firefox-esr
19-01-2023,11:25:17,11:25:18,1,sublime_text
19-01-2023,11:25:18,15:26:36,14478,xfdesktop
19-01-2023,15:26:36,15:26:39,3,panel-1-whisker
19-01-2023,15:26:39,15:26:46,7,Thunar
19-01-2023,15:26:46,15:41:09,863,firefox-esr
19-01-2023,15:41:09,15:41:11,2,panel-1-whisker
19-01-2023,15:41:11,15:47:55,404,Thunar
19-01-2023,15:47:55,16:04:36,1001,firefox-esr
19-01-2023,16:04:36,16:04:48,12,Thunar
19-01-2023,16:04:48,16:06:09,81,firefox-esr
19-01-2023,16:06:09,16:06:11,2,panel-1-whisker
19-01-2023,16:06:11,16:06:12,1,firefox-esr
19-01-2023,16:06:12,16:06:25,13,gnome-calculator
19-01-2023,16:06:25,16:07:11,46,firefox-esr
19-01-2023,16:07:11,16:08:16,65,gnome-calculator
19-01-2023,16:08:16,16:28:16,1200,firefox-esr
19-01-2023,16:28:16,16:28:31,15,gnome-calculator
19-01-2023,16:28:31,16:29:15,44,firefox-esr
19-01-2023,16:29:15,16:29:17,2,gnome-calculator
19-01-2023,16:29:17,16:29:19,2,firefox-esr
19-01-2023,16:29:19,16:29:24,5,Thunar
19-01-2023,16:29:24,16:29:32,8,firefox-esr
19-01-2023,16:29:32,16:32:13,161,Thunar
19-01-2023,16:32:13,16:32:17,4,panel-1-whisker
19-01-2023,16:32:17,16:32:18,1,Thunar
19-01-2023,16:32:18,16:32:56,38,sublime_text
19-01-2023,16:32:56,16:33:01,5,Thunar
19-01-2023,16:33:01,16:34:50,109,sublime_text
19-01-2023,16:34:50,21:28:12,17602,qterminal
19-01-2023,21:28:12,21:28:14,2,panel-1-whisker
19-01-2023,21:28:14,21:28:58,44,sublime_text
19-01-2023,21:28:58,21:29:03,5,firefox-esr
19-01-2023,21:29:03,21:30:14,71,sublime_text
19-01-2023,21:30:14,21:30:24,10,firefox-esr
19-01-2023,21:30:24,21:30:25,1,panel-1-whisker
19-01-2023,21:30:25,21:31:36,71,firefox-esr
19-01-2023,21:31:36,21:32:15,39,sublime_text
19-01-2023,21:32:15,21:36:24,249,firefox-esr
19-01-2023,21:36:24,21:37:23,59,sublime_text
19-01-2023,21:37:23,21:37:24,1,firefox-esr
19-01-2023,21:37:24,21:38:17,53,sublime_text
19-01-2023,21:38:17,21:38:22,5,firefox-esr
19-01-2023,21:38:22,21:40:20,118,sublime_text
19-01-2023,21:40:20,21:40:26,6,firefox-esr
19-01-2023,21:40:26,21:43:28,182,sublime_text
19-01-2023,21:43:28,21:43:50,22,firefox-esr
19-01-2023,21:43:50,21:44:11,21,sublime_text
19-01-2023,21:44:11,21:44:25,14,firefox-esr
19-01-2023,21:44:25,21:44:26,1,sublime_text
19-01-2023,21:44:26,21:44:28,2,firefox-esr
19-01-2023,21:44:28,21:44:35,7,sublime_text
19-01-2023,21:44:35,21:44:40,5,firefox-esr
19-01-2023,21:44:40,21:45:08,28,sublime_text
19-01-2023,21:45:08,21:45:14,6,firefox-esr
19-01-2023,21:45:14,21:46:09,55,sublime_text
19-01-2023,21:46:09,21:46:27,18,firefox-esr
19-01-2023,21:46:27,21:46:30,3,sublime_text
19-01-2023,21:46:30,21:46:31,1,firefox-esr
19-01-2023,21:46:31,21:47:28,57,sublime_text
19-01-2023,21:47:28,21:47:36,8,firefox-esr
19-01-2023,21:47:36,21:47:45,9,sublime_text
19-01-2023,21:47:45,21:51:42,237,firefox-esr
19-01-2023,21:51:42,21:53:44,122,sublime_text
19-01-2023,21:53:44,22:33:17,2373,firefox-esr
19-01-2023,22:33:17,22:37:05,228,sublime_text
19-01-2023,22:37:05,22:37:37,32,firefox-esr
19-01-2023,22:37:37,22:39:16,99,sublime_text
19-01-2023,22:39:16,22:45:48,392,firefox-esr
19-01-2023,22:45:48,22:47:58,130,sublime_text
19-01-2023,22:47:58,22:49:04,66,firefox-esr
19-01-2023,22:49:04,22:49:06,2,sublime_text
19-01-2023,22:49:06,22:49:08,2,firefox-esr
19-01-2023,22:49:08,22:50:44,96,sublime_text
19-01-2023,22:50:44,23:07:41,1017,firefox-esr
19-01-2023,23:07:41,23:08:47,66,sublime_text
19-01-2023,23:08:47,23:14:19,332,firefox-esr
19-01-2023,23:14:19,23:14:24,5,Thunar
19-01-2023,23:14:24,23:15:35,71,firefox-esr
19-01-2023,23:15:35,23:16:26,51,sublime_text
19-01-2023,23:16:26,23:17:42,76,firefox-esr
19-01-2023,23:17:42,23:18:14,32,sublime_text
19-01-2023,23:18:14,23:18:26,12,firefox-esr
19-01-2023,23:18:26,23:18:31,5,sublime_text
19-01-2023,23:18:31,23:18:38,7,firefox-esr
19-01-2023,23:18:38,23:19:21,43,sublime_text
19-01-2023,23:19:21,23:19:24,3,firefox-esr
19-01-2023,23:19:24,23:19:25,1,sublime_text
19-01-2023,23:19:25,23:19:27,2,firefox-esr
19-01-2023,23:19:27,23:22:35,188,sublime_text
19-01-2023,23:22:35,23:22:36,1,firefox-esr
19-01-2023,23:22:36,23:23:16,40,sublime_text
19-01-2023,23:23:16,23:23:24,8,firefox-esr
19-01-2023,23:23:24,23:25:46,142,sublime_text
19-01-2023,23:25:46,23:25:48,2,firefox-esr
19-01-2023,23:25:48,23:26:18,30,sublime_text
19-01-2023,23:26:18,23:26:21,3,firefox-esr
19-01-2023,23:26:21,23:26:22,1,sublime_text
19-01-2023,23:26:22,23:26:23,1,firefox-esr
19-01-2023,23:26:23,23:27:26,63,sublime_text
19-01-2023,23:27:26,23:27:47,21,firefox-esr
19-01-2023,23:27:47,23:28:01,14,sublime_text
19-01-2023,23:28:01,23:28:02,1,firefox-esr
19-01-2023,23:28:02,23:28:43,41,sublime_text
19-01-2023,23:28:43,23:29:06,23,firefox-esr
19-01-2023,23:29:06,23:29:48,42,sublime_text
19-01-2023,23:29:48,23:30:36,48,firefox-esr
19-01-2023,23:30:36,23:31:04,28,sublime_text
19-01-2023,23:31:04,23:39:51,527,firefox-esr
19-01-2023,23:39:51,23:41:02,71,sublime_text
19-01-2023,23:41:02,23:41:10,8,firefox-esr
19-01-2023,23:41:10,23:41:17,7,sublime_text
19-01-2023,23:41:17,23:41:20,3,firefox-esr
19-01-2023,23:41:20,23:42:37,77,sublime_text
19-01-2023,23:42:37,23:43:02,25,firefox-esr
19-01-2023,23:43:02,23:43:31,29,sublime_text
19-01-2023,23:43:31,23:43:41,10,firefox-esr
19-01-2023,23:43:41,23:43:51,10,sublime_text
19-01-2023,23:43:51,23:43:52,1,firefox-esr
19-01-2023,23:43:52,23:44:24,32,sublime_text
19-01-2023,23:44:24,23:49:27,303,firefox-esr
19-01-2023,23:49:27,23:49:44,17,sublime_text
19-01-2023,23:49:44,23:49:50,6,sublime_text
19-01-2023,23:49:50,23:49:51,1,firefox-esr
19-01-2023,23:49:51,23:50:02,11,sublime_text
19-01-2023,23:50:02,23:56:03,361,firefox-esr
19-01-2023,23:56:03,23:56:50,47,sublime_text
19-01-2023,23:56:50,00:03:10,380,firefox-esr
20-01-2023,00:03:10,00:04:13,63,sublime_text
20-01-2023,00:04:13,00:04:14,1,firefox-esr
20-01-2023,00:04:14,00:06:09,115,sublime_text
20-01-2023,00:06:09,00:06:12,3,firefox-esr
20-01-2023,00:06:12,00:06:52,40,sublime_text
20-01-2023,00:06:52,00:08:06,74,firefox-esr
20-01-2023,00:08:06,00:08:17,11,sublime_text
20-01-2023,00:08:17,00:09:24,67,firefox-esr
20-01-2023,00:09:24,00:10:31,67,sublime_text
20-01-2023,00:10:31,00:10:47,16,firefox-esr
20-01-2023,00:10:47,00:12:00,73,sublime_text
20-01-2023,00:12:00,00:12:01,1,firefox-esr
20-01-2023,00:12:01,00:12:24,23,sublime_text
20-01-2023,00:12:24,00:14:26,122,firefox-esr
20-01-2023,00:14:26,00:15:23,57,sublime_text
20-01-2023,00:15:23,00:15:26,3,firefox-esr
20-01-2023,00:15:26,00:15:28,2,sublime_text
20-01-2023,00:15:28,00:15:31,3,firefox-esr
20-01-2023,00:15:31,00:15:53,22,sublime_text
20-01-2023,00:15:53,00:15:54,1,firefox-esr
20-01-2023,00:15:54,00:17:18,84,sublime_text
20-01-2023,00:17:18,00:19:22,124,firefox-esr
20-01-2023,00:19:22,00:20:09,47,sublime_text
20-01-2023,00:20:09,00:20:11,2,firefox-esr
20-01-2023,00:20:11,00:21:56,105,sublime_text
20-01-2023,00:21:56,00:21:57,1,firefox-esr
20-01-2023,00:21:57,00:22:54,57,sublime_text
20-01-2023,00:22:54,00:22:55,1,firefox-esr
20-01-2023,00:22:55,00:23:03,8,sublime_text
20-01-2023,00:23:03,00:23:30,27,firefox-esr
20-01-2023,00:23:30,00:23:52,22,sublime_text
20-01-2023,00:23:52,00:25:34,102,firefox-esr
20-01-2023,00:25:34,00:25:56,22,sublime_text
20-01-2023,00:25:56,00:25:57,1,firefox-esr
20-01-2023,00:25:57,00:26:08,11,sublime_text
20-01-2023,00:26:08,00:26:13,5,firefox-esr
20-01-2023,00:26:13,00:26:38,25,sublime_text
20-01-2023,00:26:38,00:26:54,16,firefox-esr
20-01-2023,00:26:54,00:26:57,3,sublime_text
20-01-2023,00:26:57,00:26:59,2,firefox-esr
20-01-2023,00:26:59,00:27:05,6,sublime_text
20-01-2023,00:27:05,00:27:06,1,firefox-esr
20-01-2023,00:27:06,00:27:17,11,sublime_text
20-01-2023,00:27:17,00:27:30,13,firefox-esr
20-01-2023,00:27:30,00:27:38,8,sublime_text
20-01-2023,00:27:38,00:30:11,153,firefox-esr
20-01-2023,00:30:11,00:30:13,2,sublime_text
20-01-2023,00:30:13,00:30:14,1,firefox-esr
20-01-2023,00:30:14,00:32:28,134,sublime_text
20-01-2023,00:32:28,00:32:31,3,firefox-esr
20-01-2023,00:32:31,00:33:46,75,sublime_text
20-01-2023,00:33:46,00:35:11,85,firefox-esr
20-01-2023,00:35:11,00:35:24,13,sublime_text
20-01-2023,00:35:24,00:35:27,3,firefox-esr
20-01-2023,00:35:27,00:35:32,5,sublime_text
20-01-2023,00:35:32,00:44:45,553,firefox-esr
20-01-2023,00:44:45,00:45:01,16,sublime_text
20-01-2023,00:45:01,00:45:02,1,firefox-esr
20-01-2023,00:45:02,00:46:01,59,sublime_text
20-01-2023,00:46:01,00:46:17,16,firefox-esr
20-01-2023,00:46:17,00:46:23,6,sublime_text
20-01-2023,00:46:23,00:46:24,1,firefox-esr
20-01-2023,00:46:24,00:46:25,1,sublime_text
20-01-2023,00:46:25,00:46:58,33,firefox-esr
20-01-2023,00:46:58,00:47:49,51,sublime_text
20-01-2023,00:47:49,00:47:58,9,firefox-esr
20-01-2023,00:47:58,00:54:14,376,sublime_text
20-01-2023,00:54:14,00:54:36,22,firefox-esr
20-01-2023,00:54:36,00:54:53,17,sublime_text
20-01-2023,00:54:53,00:54:55,2,firefox-esr
20-01-2023,00:54:55,00:54:56,1,sublime_text
20-01-2023,00:54:56,00:55:18,22,firefox-esr
20-01-2023,00:55:18,00:55:41,23,sublime_text
20-01-2023,00:55:41,00:56:20,39,firefox-esr
20-01-2023,00:56:20,00:56:35,15,sublime_text
20-01-2023,00:56:35,00:56:36,1,firefox-esr
20-01-2023,00:56:36,00:56:38,2,sublime_text
20-01-2023,00:56:38,00:56:40,2,firefox-esr
20-01-2023,00:56:40,00:57:00,20,sublime_text
20-01-2023,00:57:00,00:57:03,3,firefox-esr
20-01-2023,00:57:03,00:57:16,13,sublime_text
20-01-2023,00:57:16,00:57:28,12,firefox-esr
20-01-2023,00:57:28,12:04:09,40001,xfdesktop
20-01-2023,12:04:09,12:04:10,1,panel-1-whisker
20-01-2023,12:04:10,13:00:33,3383,Thunar
20-01-2023,13:00:33,13:00:36,3,panel-1-whisker
20-01-2023,13:00:36,13:00:40,4,Thunar
20-01-2023,13:00:40,13:04:58,258,firefox-esr
20-01-2023,13:04:58,13:04:59,1,panel-1-whisker
20-01-2023,13:04:59,13:22:47,1068,firefox-esr
20-01-2023,13:22:47,13:26:11,204,qterminal
20-01-2023,13:26:11,13:34:03,472,sublime_text
20-01-2023,13:34:03,13:38:19,256,mousepad
20-01-2023,13:38:19,13:52:06,827,sublime_text
20-01-2023,13:52:06,13:52:07,1,firefox-esr
20-01-2023,13:52:07,13:55:10,183,sublime_text
20-01-2023,13:55:10,13:55:11,1,qterminal
20-01-2023,13:55:11,08:37:52,67361,xfdesktop
21-01-2023,08:37:52,08:37:58,6,Thunar
21-01-2023,08:37:58,08:56:23,1105,firefox-esr
21-01-2023,08:56:23,11:12:09,8146,xfdesktop
21-01-2023,11:12:09,11:12:11,2,panel-1-whisker
21-01-2023,11:12:11,11:12:12,1,firefox-esr
21-01-2023,11:12:12,11:12:29,17,sublime_text
21-01-2023,11:12:29,11:14:00,91,firefox-esr
21-01-2023,11:14:00,11:21:10,430,sublime_text
21-01-2023,11:21:10,11:22:07,57,firefox-esr
21-01-2023,11:22:07,11:22:09,2,sublime_text
21-01-2023,11:22:09,11:22:11,2,firefox-esr
21-01-2023,11:22:11,11:22:54,43,sublime_text
21-01-2023,11:22:54,11:23:46,52,firefox-esr
21-01-2023,11:23:46,11:25:46,120,sublime_text
21-01-2023,11:25:46,11:26:12,26,firefox-esr
21-01-2023,11:26:12,11:26:15,3,sublime_text
21-01-2023,11:26:15,11:27:45,90,firefox-esr
21-01-2023,11:27:45,11:27:49,4,sublime_text
21-01-2023,11:27:49,11:28:58,69,firefox-esr
21-01-2023,11:28:58,11:31:27,149,sublime_text
21-01-2023,11:31:27,11:31:52,25,firefox-esr
21-01-2023,11:31:52,11:42:23,631,sublime_text
21-01-2023,11:42:23,11:45:13,170,firefox-esr
21-01-2023,11:45:13,11:45:21,8,sublime_text
21-01-2023,11:45:21,11:45:22,1,firefox-esr
21-01-2023,11:45:22,11:45:42,20,sublime_text
21-01-2023,11:45:42,11:45:48,6,firefox-esr
21-01-2023,11:45:48,11:45:56,8,sublime_text
21-01-2023,11:45:56,11:45:57,1,firefox-esr
21-01-2023,11:45:57,11:47:23,86,sublime_text
21-01-2023,11:47:23,11:48:00,37,firefox-esr
21-01-2023,11:48:00,11:58:46,646,sublime_text
21-01-2023,11:58:46,11:59:24,38,firefox-esr
21-01-2023,11:59:24,12:01:56,152,sublime_text
21-01-2023,12:01:56,12:03:34,98,firefox-esr
21-01-2023,12:03:34,12:04:34,60,sublime_text
21-01-2023,12:04:34,12:04:40,6,firefox-esr
21-01-2023,12:04:40,12:05:04,24,sublime_text
21-01-2023,12:05:04,12:06:11,67,firefox-esr
21-01-2023,12:06:11,12:06:13,2,sublime_text
21-01-2023,12:06:13,12:07:54,101,firefox-esr
21-01-2023,12:07:54,12:08:13,19,sublime_text
21-01-2023,12:08:13,12:09:49,96,firefox-esr
21-01-2023,12:09:49,12:13:04,195,sublime_text
21-01-2023,12:13:04,12:13:54,50,firefox-esr
21-01-2023,12:13:54,12:17:40,226,sublime_text
21-01-2023,12:17:40,12:17:44,4,firefox-esr
21-01-2023,12:17:44,12:17:45,1,sublime_text
21-01-2023,12:17:45,12:36:14,1109,firefox-esr
21-01-2023,12:36:14,12:36:40,26,sublime_text
21-01-2023,12:36:40,12:37:44,64,firefox-esr
21-01-2023,12:37:44,12:38:31,47,sublime_text
21-01-2023,12:38:31,12:38:32,1,firefox-esr
21-01-2023,12:38:32,12:39:07,35,sublime_text
21-01-2023,12:39:07,12:39:09,2,firefox-esr
21-01-2023,12:39:09,12:39:21,12,sublime_text
21-01-2023,12:39:21,12:39:24,3,firefox-esr
21-01-2023,12:39:24,12:40:47,83,sublime_text
21-01-2023,12:40:47,12:40:48,1,firefox-esr
21-01-2023,12:40:48,12:41:00,12,sublime_text
21-01-2023,12:41:00,12:41:08,8,firefox-esr
21-01-2023,12:41:08,12:42:00,52,sublime_text
21-01-2023,12:42:00,12:42:05,5,firefox-esr
21-01-2023,12:42:05,12:42:21,16,sublime_text
21-01-2023,12:42:21,12:43:40,79,firefox-esr
21-01-2023,12:43:40,12:44:05,25,sublime_text
21-01-2023,12:44:05,12:44:12,7,firefox-esr
21-01-2023,12:44:12,12:44:28,16,sublime_text
21-01-2023,12:44:28,12:49:43,315,firefox-esr
21-01-2023,12:49:43,12:52:43,180,sublime_text
21-01-2023,12:52:43,12:53:02,19,firefox-esr
21-01-2023,12:53:02,13:01:16,494,sublime_text
21-01-2023,13:01:16,13:17:07,951,firefox-esr
21-01-2023,13:17:07,13:36:42,1175,xfdesktop
21-01-2023,13:36:42,13:36:44,2,nm-applet
21-01-2023,13:36:44,13:37:32,48,firefox-esr
21-01-2023,13:37:32,13:37:38,6,Thunar
21-01-2023,13:37:38,13:37:43,5,celluloid
21-01-2023,13:37:43,13:37:45,2,firefox-esr
21-01-2023,13:37:45,13:37:49,4,celluloid
21-01-2023,13:37:49,13:38:03,14,firefox-esr
21-01-2023,13:38:03,13:38:22,19,celluloid
21-01-2023,13:38:22,13:38:23,1,Thunar
21-01-2023,13:38:23,13:41:36,193,celluloid
21-01-2023,13:41:36,15:17:35,5759,nm-applet
21-01-2023,15:17:35,15:17:40,5,celluloid
21-01-2023,15:17:40,15:18:10,30,firefox-esr
21-01-2023,15:18:10,15:18:17,7,celluloid
21-01-2023,15:18:17,15:18:32,15,firefox-esr
21-01-2023,15:18:32,15:18:33,1,celluloid
21-01-2023,15:18:33,15:18:34,1,firefox-esr
21-01-2023,15:18:34,10:12:02,68008,xfdesktop
22-01-2023,10:12:02,10:12:05,3,panel-1-whisker
22-01-2023,10:12:05,10:12:17,12,sublime_text
22-01-2023,10:12:17,10:17:48,331,firefox-esr
22-01-2023,10:17:48,10:17:50,2,panel-1-whisker
22-01-2023,10:17:50,10:17:51,1,firefox-esr
22-01-2023,10:17:51,10:20:42,171,atom
22-01-2023,10:20:42,10:21:36,54,firefox-esr
22-01-2023,10:21:36,10:22:05,29,atom
22-01-2023,10:22:05,10:22:19,14,firefox-esr
22-01-2023,10:22:19,10:22:25,6,atom
22-01-2023,10:22:25,10:22:27,2,firefox-esr
22-01-2023,10:22:27,10:22:32,5,atom
22-01-2023,10:22:32,10:23:19,47,firefox-esr
22-01-2023,10:23:19,10:23:33,14,atom
22-01-2023,10:23:33,10:23:38,5,firefox-esr
22-01-2023,10:23:38,10:24:10,32,atom
22-01-2023,10:24:10,10:24:39,29,firefox-esr
22-01-2023,10:24:39,10:24:59,20,atom
22-01-2023,10:24:59,10:25:01,2,firefox-esr
22-01-2023,10:25:01,10:25:44,43,qterminal
22-01-2023,10:25:44,10:26:10,26,firefox-esr
22-01-2023,10:26:10,10:26:31,21,qterminal
22-01-2023,10:26:31,10:26:34,3,panel-1-whisker
22-01-2023,10:26:34,10:26:35,1,qterminal
22-01-2023,10:26:35,10:26:46,11,firefox-esr
22-01-2023,10:26:46,10:26:55,9,qterminal
22-01-2023,10:26:55,10:26:59,4,firefox-esr
22-01-2023,10:26:59,10:27:03,4,qterminal
22-01-2023,10:27:03,10:27:06,3,firefox-esr
22-01-2023,10:27:06,10:27:11,5,panel-1-whisker
22-01-2023,10:27:11,10:28:56,105,firefox-esr
22-01-2023,10:28:56,10:29:00,4,qterminal
22-01-2023,10:29:00,10:29:03,3,firefox-esr
22-01-2023,10:29:03,10:29:06,3,qterminal
22-01-2023,10:29:06,10:29:09,3,firefox-esr
22-01-2023,10:29:09,10:29:13,4,qterminal
22-01-2023,10:29:13,10:29:18,5,firefox-esr
22-01-2023,10:29:18,10:29:30,12,qterminal
22-01-2023,10:29:30,10:29:31,1,panel-1-whisker
22-01-2023,10:29:31,10:29:32,1,qterminal
22-01-2023,10:29:32,10:30:26,54,atom
22-01-2023,10:30:26,10:30:27,1,qterminal
22-01-2023,10:30:27,10:31:16,49,firefox-esr
22-01-2023,10:31:16,10:31:19,3,atom
22-01-2023,10:31:19,10:31:20,1,firefox-esr
22-01-2023,10:31:20,10:31:42,22,atom
22-01-2023,10:31:42,10:31:43,1,firefox-esr
22-01-2023,10:31:43,10:32:07,24,atom
22-01-2023,10:32:07,10:32:08,1,firefox-esr
22-01-2023,10:32:08,10:32:09,1,atom
22-01-2023,10:32:09,10:32:22,13,firefox-esr
22-01-2023,10:32:22,10:32:49,27,atom
22-01-2023,10:32:49,10:36:17,208,firefox-esr
22-01-2023,10:36:17,10:36:18,1,firefox-esr
22-01-2023,10:36:18,10:36:36,18,qterminal
22-01-2023,10:36:36,10:37:07,31,firefox-esr
22-01-2023,10:37:07,10:37:18,11,qterminal
22-01-2023,10:37:18,10:38:02,44,firefox-esr
22-01-2023,10:38:02,10:38:08,6,qterminal
22-01-2023,10:38:08,10:39:20,72,firefox-esr
22-01-2023,10:39:20,10:39:23,3,qterminal
22-01-2023,10:39:23,10:40:23,60,firefox-esr
22-01-2023,10:40:23,10:41:19,56,sublime_text
22-01-2023,10:41:19,10:41:27,8,firefox-esr
22-01-2023,10:41:27,10:41:36,9,sublime_text
22-01-2023,10:41:36,10:41:37,1,qterminal
22-01-2023,10:41:37,10:41:39,2,sublime_text
22-01-2023,10:41:39,10:41:42,3,firefox-esr
22-01-2023,10:41:42,10:41:44,2,Thunar
22-01-2023,10:41:44,10:41:59,15,firefox-esr
22-01-2023,10:41:59,10:42:06,7,Thunar
22-01-2023,10:42:06,10:42:20,14,qterminal
22-01-2023,10:42:20,10:42:43,23,Thunar
22-01-2023,10:42:43,10:43:28,45,atom
22-01-2023,10:43:28,10:43:30,2,Thunar
22-01-2023,10:43:30,10:43:31,1,atom
22-01-2023,10:43:31,10:44:04,33,firefox-esr
22-01-2023,10:44:04,10:44:32,28,atom
22-01-2023,10:44:32,10:46:51,139,firefox-esr
22-01-2023,10:46:51,10:46:53,2,atom
22-01-2023,10:46:53,10:47:03,10,firefox-esr
22-01-2023,10:47:03,10:47:16,13,Thunar
22-01-2023,10:47:16,10:47:39,23,qterminal
22-01-2023,10:47:39,10:47:41,2,panel-1-whisker
22-01-2023,10:47:41,10:47:42,1,qterminal
22-01-2023,10:47:42,10:47:48,6,atom
22-01-2023,10:47:48,10:47:50,2,qterminal
22-01-2023,10:47:50,10:47:52,2,Thunar
22-01-2023,10:47:52,10:47:53,1,qterminal
22-01-2023,10:47:53,10:48:03,10,firefox-esr
22-01-2023,10:48:03,10:48:41,38,qterminal
22-01-2023,10:48:41,10:56:03,442,firefox-esr
22-01-2023,10:56:03,10:56:04,1,sublime_text
22-01-2023,10:56:04,13:30:15,9251,xfdesktop
22-01-2023,13:30:15,13:30:16,1,panel-1-whisker
22-01-2023,13:30:16,13:30:20,4,firefox-esr
22-01-2023,13:30:20,13:30:21,1,panel-1-whisker
22-01-2023,13:30:21,13:32:41,140,leafpad
22-01-2023,13:32:41,13:32:43,2,firefox-esr
22-01-2023,13:32:43,13:32:52,9,leafpad
22-01-2023,13:32:52,13:40:28,456,firefox-esr
22-01-2023,13:40:28,19:16:57,20189,xfdesktop
22-01-2023,19:16:57,19:16:59,2,panel-1-whisker
22-01-2023,19:16:59,19:17:01,2,sublime_text
22-01-2023,19:17:01,19:17:02,1,firefox-esr
22-01-2023,19:17:02,19:19:45,163,sublime_text
22-01-2023,19:19:45,19:19:50,5,firefox-esr
22-01-2023,19:19:50,19:23:50,240,sublime_text
22-01-2023,19:23:50,19:26:13,143,firefox-esr
22-01-2023,19:26:13,19:26:37,24,sublime_text
22-01-2023,19:26:37,19:26:39,2,firefox-esr
22-01-2023,19:26:39,19:26:42,3,sublime_text
22-01-2023,19:26:42,19:27:31,49,firefox-esr
22-01-2023,19:27:31,19:27:57,26,sublime_text
22-01-2023,19:27:57,19:28:59,62,firefox-esr
22-01-2023,19:28:59,19:29:02,3,sublime_text
22-01-2023,19:29:02,19:29:56,54,firefox-esr
22-01-2023,19:29:56,19:30:03,7,sublime_text
22-01-2023,19:30:03,19:30:28,25,firefox-esr
22-01-2023,19:30:28,19:31:23,55,sublime_text
22-01-2023,19:31:23,19:53:44,1341,firefox-esr
22-01-2023,19:53:44,19:53:45,1,sublime_text
22-01-2023,19:53:45,19:54:56,71,firefox-esr
22-01-2023,19:54:56,19:57:15,139,sublime_text
22-01-2023,19:57:15,19:58:11,56,firefox-esr
22-01-2023,19:58:11,19:58:43,32,sublime_text
22-01-2023,19:58:43,19:58:44,1,firefox-esr
22-01-2023,19:58:44,19:58:46,2,sublime_text
22-01-2023,19:58:46,19:58:50,4,firefox-esr
22-01-2023,19:58:50,19:58:52,2,sublime_text
22-01-2023,19:58:52,19:59:28,36,firefox-esr
22-01-2023,19:59:28,20:00:44,76,sublime_text
22-01-2023,20:00:44,20:04:57,253,firefox-esr
22-01-2023,20:04:57,20:06:57,120,sublime_text
22-01-2023,20:06:57,20:07:00,3,firefox-esr
22-01-2023,20:07:00,20:07:28,28,sublime_text
22-01-2023,20:07:28,20:07:30,2,firefox-esr
22-01-2023,20:07:30,20:07:37,7,sublime_text
22-01-2023,20:07:37,20:07:38,1,firefox-esr
22-01-2023,20:07:38,20:08:25,47,sublime_text
22-01-2023,20:08:25,20:08:26,1,firefox-esr
22-01-2023,20:08:26,20:08:31,5,sublime_text
22-01-2023,20:08:31,20:08:32,1,firefox-esr
22-01-2023,20:08:32,20:09:07,35,sublime_text
22-01-2023,20:09:07,20:15:06,359,firefox-esr
22-01-2023,20:15:06,20:15:07,1,sublime_text
22-01-2023,20:15:07,20:20:55,348,firefox-esr
22-01-2023,20:20:55,20:20:56,1,sublime_text
22-01-2023,20:20:56,22:29:59,7743,xfdesktop
22-01-2023,22:29:59,22:30:00,1,panel-1-whisker
22-01-2023,22:30:00,22:30:11,11,leafpad
22-01-2023,22:30:11,22:30:12,1,xfce4-appfinder
22-01-2023,22:30:12,22:30:18,6,leafpad
22-01-2023,22:30:18,23:19:44,2966,firefox-esr
22-01-2023,23:19:44,23:20:03,19,Thunar
22-01-2023,23:20:03,23:20:13,10,atril
22-01-2023,23:20:13,23:21:13,60,firefox-esr
22-01-2023,23:21:13,23:21:14,1,atril
22-01-2023,23:21:14,23:21:15,1,firefox-esr
22-01-2023,23:21:15,23:21:16,1,Thunar
22-01-2023,23:21:16,23:21:20,4,firefox-esr
22-01-2023,23:21:20,23:21:22,2,panel-1-whisker
22-01-2023,23:21:22,23:22:49,87,sublime_text
22-01-2023,23:22:49,23:22:50,1,firefox-esr
22-01-2023,23:22:50,23:23:14,24,sublime_text
22-01-2023,23:23:14,23:23:29,15,firefox-esr
22-01-2023,23:23:29,23:24:18,49,sublime_text
22-01-2023,23:24:18,23:25:58,100,firefox-esr
22-01-2023,23:25:58,23:26:48,50,sublime_text
22-01-2023,23:26:48,23:27:55,67,firefox-esr
22-01-2023,23:27:55,23:28:09,14,atril
22-01-2023,23:28:09,23:30:11,122,firefox-esr
22-01-2023,23:30:11,23:30:12,1,atril
22-01-2023,23:30:12,23:30:13,1,sublime_text
22-01-2023,23:30:13,23:30:30,17,atril
22-01-2023,23:30:30,23:30:59,29,firefox-esr
22-01-2023,23:30:59,23:31:00,1,atril
22-01-2023,23:31:00,23:31:02,2,Thunar
22-01-2023,23:31:02,23:31:04,2,atril
22-01-2023,23:31:04,23:31:38,34,sublime_text
22-01-2023,23:31:38,23:31:39,1,atril
22-01-2023,23:31:39,23:31:41,2,sublime_text
22-01-2023,23:31:41,23:32:11,30,firefox-esr
22-01-2023,23:32:11,23:38:25,374,sublime_text
22-01-2023,23:38:25,23:38:26,1,atril
22-01-2023,23:38:26,23:38:27,1,sublime_text
22-01-2023,23:38:27,23:38:28,1,firefox-esr
22-01-2023,23:38:28,23:49:30,662,sublime_text
22-01-2023,23:49:30,23:50:23,53,firefox-esr
22-01-2023,23:50:23,23:50:25,2,sublime_text
22-01-2023,23:50:25,23:50:27,2,firefox-esr
22-01-2023,23:50:27,23:51:09,42,sublime_text
22-01-2023,23:51:09,23:51:24,15,firefox-esr
22-01-2023,23:51:24,23:51:44,20,sublime_text
22-01-2023,23:51:44,23:52:01,17,firefox-esr
22-01-2023,23:52:01,23:52:09,8,sublime_text
22-01-2023,23:52:09,23:53:32,83,firefox-esr
22-01-2023,23:53:32,23:54:15,43,sublime_text
22-01-2023,23:54:15,23:54:16,1,atril
22-01-2023,23:54:16,23:59:09,293,sublime_text
22-01-2023,23:59:09,23:59:11,2,atril
22-01-2023,23:59:11,00:00:46,95,sublime_text
23-01-2023,00:00:46,00:00:47,1,atril
23-01-2023,00:00:47,00:00:48,1,sublime_text
23-01-2023,00:00:48,00:02:26,98,firefox-esr
23-01-2023,00:02:26,00:02:30,4,sublime_text
23-01-2023,00:02:30,00:02:32,2,firefox-esr
23-01-2023,00:02:32,00:02:33,1,atril
23-01-2023,00:02:33,00:02:34,1,firefox-esr
23-01-2023,00:02:34,00:02:35,1,atril
23-01-2023,00:02:35,00:03:08,33,sublime_text
23-01-2023,00:03:08,00:03:09,1,atril
23-01-2023,00:03:09,00:04:41,92,firefox-esr
23-01-2023,00:04:41,00:04:42,1,atril
23-01-2023,00:04:42,00:04:46,4,sublime_text
23-01-2023,00:04:46,00:04:47,1,atril
23-01-2023,00:04:47,00:06:38,111,sublime_text
23-01-2023,00:06:38,00:06:40,2,sublime_text
23-01-2023,00:06:40,00:06:42,2,atril
23-01-2023,00:06:42,00:12:37,355,sublime_text
23-01-2023,00:12:37,00:12:39,2,atril
23-01-2023,00:12:39,00:12:57,18,firefox-esr
23-01-2023,00:12:57,00:12:58,1,atril
23-01-2023,00:12:58,00:13:00,2,firefox-esr
23-01-2023,00:13:00,00:13:37,37,sublime_text
23-01-2023,00:13:37,00:13:49,12,firefox-esr
23-01-2023,00:13:49,00:14:03,14,sublime_text
23-01-2023,00:14:03,00:15:45,102,firefox-esr
23-01-2023,00:15:45,00:15:57,12,sublime_text
23-01-2023,00:15:57,00:15:59,2,firefox-esr
23-01-2023,00:15:59,00:16:43,44,sublime_text
23-01-2023,00:16:43,00:17:06,23,firefox-esr
23-01-2023,00:17:06,00:17:11,5,sublime_text
23-01-2023,00:17:11,00:17:14,3,firefox-esr
23-01-2023,00:17:14,00:17:31,17,sublime_text
23-01-2023,00:17:31,00:19:04,93,firefox-esr
23-01-2023,00:19:04,00:19:07,3,sublime_text
23-01-2023,00:19:07,00:19:10,3,firefox-esr
23-01-2023,00:19:10,00:19:11,1,sublime_text
23-01-2023,00:19:11,00:19:28,17,firefox-esr
23-01-2023,00:19:28,00:20:16,48,sublime_text
23-01-2023,00:20:16,00:20:38,22,firefox-esr
23-01-2023,00:20:38,00:20:39,1,sublime_text
23-01-2023,00:20:39,00:20:40,1,firefox-esr
23-01-2023,00:20:40,00:20:44,4,sublime_text
23-01-2023,00:20:44,00:21:35,51,firefox-esr
23-01-2023,00:21:35,00:21:36,1,firefox-esr
23-01-2023,00:21:36,00:22:16,40,code
23-01-2023,00:22:16,00:22:31,15,firefox-esr
23-01-2023,00:22:31,00:22:33,2,atril
23-01-2023,00:22:33,00:23:29,56,code
23-01-2023,00:23:29,00:23:41,12,firefox-esr
23-01-2023,00:23:41,00:23:44,3,code
23-01-2023,00:23:44,00:23:57,13,firefox-esr
23-01-2023,00:23:57,00:24:36,39,qterminal
23-01-2023,00:24:36,00:24:37,1,firefox-esr
23-01-2023,00:24:37,00:27:01,144,code
23-01-2023,00:27:01,00:27:36,35,firefox-esr
23-01-2023,00:27:36,00:28:14,38,Thunar
23-01-2023,00:28:14,00:29:22,68,firefox-esr
23-01-2023,00:29:22,00:30:07,45,code
23-01-2023,00:30:07,00:30:31,24,firefox-esr
23-01-2023,00:30:31,00:30:37,6,code
23-01-2023,00:30:37,00:32:43,126,firefox-esr
23-01-2023,00:32:43,00:32:56,13,code
23-01-2023,00:32:56,00:45:41,765,firefox-esr
23-01-2023,00:45:41,00:45:43,2,code
23-01-2023,00:45:43,00:45:45,2,Thunar
23-01-2023,00:45:45,00:45:46,1,atril
23-01-2023,00:45:46,22:58:45,79979,xfdesktop
23-01-2023,22:58:45,22:58:46,1,panel-1-whisker
23-01-2023,22:58:46,22:59:02,16,sublime_text
23-01-2023,22:59:02,22:59:21,19,firefox-esr
23-01-2023,22:59:21,22:59:46,25,sublime_text
23-01-2023,22:59:46,23:00:16,30,firefox-esr
23-01-2023,23:00:16,23:00:22,6,sublime_text
23-01-2023,23:00:22,23:00:27,5,firefox-esr
23-01-2023,23:00:27,23:00:30,3,sublime_text
23-01-2023,23:00:30,23:00:39,9,firefox-esr
23-01-2023,23:00:39,23:00:57,18,sublime_text
23-01-2023,23:00:57,23:01:49,52,firefox-esr
23-01-2023,23:01:49,23:01:58,9,sublime_text
23-01-2023,23:01:58,23:03:27,89,firefox-esr
23-01-2023,23:03:27,23:03:29,2,panel-1-whisker
23-01-2023,23:03:29,23:03:30,1,firefox-esr
23-01-2023,23:03:30,23:03:35,5,gnome-calculator
23-01-2023,23:03:35,23:04:17,42,firefox-esr
23-01-2023,23:04:17,23:04:23,6,panel-1-whisker
23-01-2023,23:04:23,23:04:35,12,gnome-calculator
23-01-2023,23:04:35,23:04:39,4,firefox-esr
23-01-2023,23:04:39,23:04:41,2,gnome-calculator
23-01-2023,23:04:41,23:05:20,39,firefox-esr
23-01-2023,23:05:20,23:05:22,2,sublime_text
23-01-2023,23:05:22,23:07:27,125,firefox-esr
23-01-2023,23:07:27,23:07:49,22,sublime_text
23-01-2023,23:07:49,23:11:57,248,firefox-esr
23-01-2023,23:11:57,23:12:14,17,sublime_text
23-01-2023,23:12:14,23:18:47,393,firefox-esr
23-01-2023,23:18:47,23:20:04,77,sublime_text
23-01-2023,23:20:04,23:23:42,218,firefox-esr
23-01-2023,23:23:42,23:23:45,3,sublime_text
23-01-2023,23:23:45,23:23:46,1,firefox-esr
23-01-2023,23:23:46,23:23:48,2,panel-1-whisker
23-01-2023,23:23:48,23:24:03,15,Thunar
23-01-2023,23:24:03,23:24:05,2,atril
23-01-2023,23:24:05,23:26:41,156,sublime_text
23-01-2023,23:26:41,23:26:44,3,atril
23-01-2023,23:26:44,23:27:19,35,sublime_text
23-01-2023,23:27:19,23:27:23,4,atril
23-01-2023,23:27:23,23:34:03,400,sublime_text
23-01-2023,23:34:03,23:34:09,6,atril
23-01-2023,23:34:09,23:34:55,46,sublime_text
23-01-2023,23:34:55,23:34:57,2,atril
23-01-2023,23:34:57,23:34:59,2,Thunar
23-01-2023,23:34:59,23:36:10,71,firefox-esr
23-01-2023,23:36:10,23:36:12,2,Thunar
23-01-2023,23:36:12,23:36:45,33,sublime_text
23-01-2023,23:36:45,23:36:46,1,Thunar
23-01-2023,23:36:46,23:37:15,29,firefox-esr
23-01-2023,23:37:15,23:37:16,1,Thunar
23-01-2023,23:37:16,23:37:28,12,firefox-esr
23-01-2023,23:37:28,23:37:29,1,Thunar
23-01-2023,23:37:29,23:38:21,52,sublime_text
23-01-2023,23:38:21,23:38:23,2,Thunar
23-01-2023,23:38:23,23:38:48,25,firefox-esr
23-01-2023,23:38:48,23:41:30,162,sublime_text
23-01-2023,23:41:30,23:42:26,56,firefox-esr
23-01-2023,23:42:26,23:42:33,7,sublime_text
23-01-2023,23:42:33,23:43:33,60,firefox-esr
23-01-2023,23:43:33,23:43:43,10,sublime_text
23-01-2023,23:43:43,23:43:47,4,firefox-esr
23-01-2023,23:43:47,23:43:50,3,atril
23-01-2023,23:43:50,23:43:51,1,firefox-esr
23-01-2023,23:43:51,23:43:53,2,atril
23-01-2023,23:43:53,23:43:54,1,firefox-esr
23-01-2023,23:43:54,23:43:55,1,atril
23-01-2023,23:43:55,23:43:56,1,sublime_text
23-01-2023,23:43:56,23:43:57,1,atril
23-01-2023,23:43:57,23:43:59,2,sublime_text
23-01-2023,23:43:59,23:44:06,7,atril
23-01-2023,23:44:06,23:46:56,170,sublime_text
23-01-2023,23:46:56,23:47:00,4,atril
23-01-2023,23:47:00,23:47:36,36,sublime_text
23-01-2023,23:47:36,23:48:03,27,atril
23-01-2023,23:48:03,23:49:50,107,sublime_text
23-01-2023,23:49:50,23:49:53,3,firefox-esr
23-01-2023,23:49:53,23:50:17,24,sublime_text
23-01-2023,23:50:17,23:50:47,30,firefox-esr
23-01-2023,23:50:47,23:51:29,42,sublime_text
23-01-2023,23:51:29,23:51:57,28,firefox-esr
23-01-2023,23:51:57,23:52:16,19,sublime_text
23-01-2023,23:52:16,23:52:49,33,firefox-esr
23-01-2023,23:52:49,23:54:38,109,sublime_text
23-01-2023,23:54:38,23:55:25,47,firefox-esr
23-01-2023,23:55:25,23:56:17,52,sublime_text
23-01-2023,23:56:17,00:04:31,494,firefox-esr
24-01-2023,00:04:31,00:04:43,12,sublime_text
24-01-2023,00:04:43,00:05:10,27,firefox-esr
24-01-2023,00:05:10,00:06:06,56,sublime_text
24-01-2023,00:06:06,00:06:36,30,firefox-esr
24-01-2023,00:06:36,00:06:41,5,sublime_text
24-01-2023,00:06:41,00:06:45,4,atom
24-01-2023,00:06:45,00:10:45,240,sublime_text
24-01-2023,00:10:45,00:10:54,9,atril
24-01-2023,00:10:54,00:16:37,343,sublime_text
24-01-2023,00:16:37,00:29:18,761,firefox-esr
24-01-2023,00:29:18,00:29:24,6,sublime_text
24-01-2023,00:29:24,00:29:31,7,firefox-esr
24-01-2023,00:29:31,00:29:33,2,sublime_text
24-01-2023,00:29:33,00:29:35,2,firefox-esr
24-01-2023,00:29:35,00:31:49,134,sublime_text
24-01-2023,00:31:49,00:50:15,1106,firefox-esr
24-01-2023,00:50:15,00:50:54,39,sublime_text
24-01-2023,00:50:54,01:14:14,1400,firefox-esr
24-01-2023,01:14:14,01:14:15,1,sublime_text
24-01-2023,01:14:15,01:14:16,1,Thunar
24-01-2023,01:14:16,18:03:46,60570,xfdesktop
24-01-2023,18:03:46,18:03:51,5,panel-1-whisker
24-01-2023,18:03:51,18:03:52,1,firefox-esr
24-01-2023,18:03:52,18:05:05,73,sublime_text
24-01-2023,18:05:05,18:05:37,32,firefox-esr
24-01-2023,18:05:37,18:05:38,1,sublime_text
24-01-2023,18:05:38,18:06:06,28,firefox-esr
24-01-2023,18:06:06,18:06:39,33,sublime_text
24-01-2023,18:06:39,18:08:25,106,firefox-esr
24-01-2023,18:08:25,18:08:38,13,sublime_text
24-01-2023,18:08:38,18:08:43,5,Thunar
24-01-2023,18:08:43,18:08:46,3,sublime_text
24-01-2023,18:08:46,18:08:48,2,Thunar
24-01-2023,18:08:48,18:21:54,786,sublime_text
24-01-2023,18:21:54,18:22:36,42,firefox-esr
24-01-2023,18:22:36,18:22:37,1,sublime_text
24-01-2023,18:22:37,18:22:45,8,firefox-esr
24-01-2023,18:22:45,18:23:52,67,sublime_text
24-01-2023,18:23:52,18:24:01,9,sublime_text
24-01-2023,18:24:01,18:25:20,79,firefox-esr
24-01-2023,18:25:20,18:25:50,30,sublime_text
24-01-2023,18:25:50,18:27:21,91,firefox-esr
24-01-2023,18:27:21,18:27:35,14,sublime_text
24-01-2023,18:27:35,18:27:37,2,firefox-esr
24-01-2023,18:27:37,18:28:05,28,sublime_text
24-01-2023,18:28:05,18:29:12,67,firefox-esr
24-01-2023,18:29:12,18:29:48,36,sublime_text
24-01-2023,18:29:48,18:31:42,114,firefox-esr
24-01-2023,18:31:42,18:31:49,7,sublime_text
24-01-2023,18:31:49,18:31:53,4,firefox-esr
24-01-2023,18:31:53,18:31:57,4,sublime_text
24-01-2023,18:31:57,18:32:02,5,firefox-esr
24-01-2023,18:32:02,18:32:04,2,sublime_text
24-01-2023,18:32:04,18:32:06,2,firefox-esr
24-01-2023,18:32:06,18:32:17,11,sublime_text
24-01-2023,18:32:17,18:32:19,2,firefox-esr
24-01-2023,18:32:19,18:32:24,5,sublime_text
24-01-2023,18:32:24,18:32:26,2,firefox-esr
24-01-2023,18:32:26,18:32:57,31,sublime_text
24-01-2023,18:32:57,18:32:58,1,firefox-esr
24-01-2023,18:32:58,18:33:22,24,sublime_text
24-01-2023,18:33:22,18:34:40,78,firefox-esr
24-01-2023,18:34:40,18:35:16,36,sublime_text
24-01-2023,18:35:16,18:35:56,40,firefox-esr
24-01-2023,18:35:56,18:36:10,14,sublime_text
24-01-2023,18:36:10,18:36:27,17,firefox-esr
24-01-2023,18:36:27,18:37:49,82,sublime_text
24-01-2023,18:37:49,18:38:06,17,firefox-esr
24-01-2023,18:38:06,18:38:13,7,sublime_text
24-01-2023,18:38:13,18:38:14,1,firefox-esr
24-01-2023,18:38:14,18:40:09,115,sublime_text
24-01-2023,18:40:09,18:40:57,48,firefox-esr
24-01-2023,18:40:57,18:42:27,90,sublime_text
24-01-2023,18:42:27,18:43:08,41,qterminal
24-01-2023,18:43:08,18:43:35,27,firefox-esr
24-01-2023,18:43:35,18:43:37,2,qterminal
24-01-2023,18:43:37,18:43:53,16,sublime_text
24-01-2023,18:43:53,18:43:54,1,qterminal
24-01-2023,18:43:54,18:45:27,93,firefox-esr
24-01-2023,18:45:27,18:45:28,1,qterminal
24-01-2023,18:45:28,18:45:31,3,firefox-esr
24-01-2023,18:45:31,18:46:12,41,sublime_text
24-01-2023,18:46:12,18:51:45,333,firefox-esr
24-01-2023,18:51:45,18:51:50,5,sublime_text
24-01-2023,18:51:50,18:52:33,43,firefox-esr
24-01-2023,18:52:33,18:53:21,48,sublime_text
24-01-2023,18:53:21,18:53:48,27,firefox-esr
24-01-2023,18:53:48,18:54:42,54,sublime_text
24-01-2023,18:54:42,18:57:45,183,firefox-esr
24-01-2023,18:57:45,18:58:36,51,sublime_text
24-01-2023,18:58:36,18:59:50,74,firefox-esr
24-01-2023,18:59:50,19:00:18,28,sublime_text
24-01-2023,19:00:18,19:00:38,20,firefox-esr
24-01-2023,19:00:38,19:00:40,2,sublime_text
24-01-2023,19:00:40,19:00:51,11,firefox-esr
24-01-2023,19:00:51,19:00:57,6,sublime_text
24-01-2023,19:00:57,19:01:09,12,firefox-esr
24-01-2023,19:01:09,19:01:25,16,sublime_text
24-01-2023,19:01:25,19:01:26,1,firefox-esr
24-01-2023,19:01:26,19:04:05,159,sublime_text
24-01-2023,19:04:05,19:21:10,1025,firefox-esr
24-01-2023,19:21:10,19:26:53,343,sublime_text
24-01-2023,19:26:53,19:28:45,112,firefox-esr
24-01-2023,19:28:45,19:29:05,20,sublime_text
24-01-2023,19:29:05,19:29:08,3,firefox-esr
24-01-2023,19:29:08,19:40:32,684,sublime_text
24-01-2023,19:40:32,19:41:46,74,firefox-esr
24-01-2023,19:41:46,19:42:05,19,sublime_text
24-01-2023,19:42:05,19:44:26,141,firefox-esr
24-01-2023,19:44:26,19:44:31,5,sublime_text
24-01-2023,19:44:31,19:44:35,4,firefox-esr
24-01-2023,19:44:35,19:47:31,176,sublime_text
24-01-2023,19:47:31,19:47:54,23,firefox-esr
24-01-2023,19:47:54,19:48:02,8,sublime_text
24-01-2023,19:48:02,19:48:07,5,firefox-esr
24-01-2023,19:48:07,19:48:29,22,sublime_text
24-01-2023,19:48:29,19:49:26,57,firefox-esr
24-01-2023,19:49:26,19:49:32,6,sublime_text
24-01-2023,19:49:32,19:49:51,19,firefox-esr
24-01-2023,19:49:51,19:49:54,3,sublime_text
24-01-2023,19:49:54,19:50:20,26,firefox-esr
24-01-2023,19:50:20,19:50:51,31,sublime_text
24-01-2023,19:50:51,19:51:10,19,firefox-esr
24-01-2023,19:51:10,19:51:19,9,sublime_text
24-01-2023,19:51:19,19:52:35,76,firefox-esr
24-01-2023,19:52:35,19:52:43,8,sublime_text
24-01-2023,19:52:43,19:52:46,3,firefox-esr
24-01-2023,19:52:46,19:53:08,22,sublime_text
24-01-2023,19:53:08,19:53:10,2,firefox-esr
24-01-2023,19:53:10,19:53:32,22,sublime_text
24-01-2023,19:53:32,19:53:58,26,firefox-esr
24-01-2023,19:53:58,19:55:12,74,sublime_text
24-01-2023,19:55:12,19:56:18,66,firefox-esr
24-01-2023,19:56:18,19:57:08,50,sublime_text
24-01-2023,19:57:08,19:57:20,12,firefox-esr
24-01-2023,19:57:20,19:57:27,7,sublime_text
24-01-2023,19:57:27,19:57:28,1,firefox-esr
24-01-2023,19:57:28,19:57:41,13,sublime_text
24-01-2023,19:57:41,19:58:19,38,firefox-esr
24-01-2023,19:58:19,19:58:26,7,sublime_text
24-01-2023,19:58:26,19:58:30,4,firefox-esr
24-01-2023,19:58:30,19:58:35,5,sublime_text
24-01-2023,19:58:35,19:59:08,33,firefox-esr
24-01-2023,19:59:08,20:09:47,639,sublime_text
24-01-2023,20:09:47,20:10:33,46,firefox-esr
24-01-2023,20:10:33,20:15:14,281,sublime_text
24-01-2023,20:15:14,20:15:21,7,firefox-esr
24-01-2023,20:15:21,20:18:49,208,sublime_text
24-01-2023,20:18:49,20:19:30,41,firefox-esr
24-01-2023,20:19:30,20:19:43,13,sublime_text
24-01-2023,20:19:43,20:20:01,18,firefox-esr
24-01-2023,20:20:01,20:20:03,2,sublime_text
24-01-2023,20:20:03,20:20:10,7,firefox-esr
24-01-2023,20:20:10,20:24:59,289,sublime_text
24-01-2023,20:24:59,20:25:24,25,firefox-esr
24-01-2023,20:25:24,20:25:42,18,sublime_text
24-01-2023,20:25:42,20:25:46,4,firefox-esr
24-01-2023,20:25:46,20:27:03,77,sublime_text
24-01-2023,20:27:03,20:27:05,2,firefox-esr
24-01-2023,20:27:05,20:27:06,1,sublime_text
24-01-2023,20:27:06,22:25:47,7121,xfdesktop
24-01-2023,22:25:47,22:25:49,2,panel-1-whisker
24-01-2023,22:25:49,22:25:50,1,firefox-esr
24-01-2023,22:25:50,22:28:09,139,sublime_text
24-01-2023,22:28:09,22:28:53,44,firefox-esr
24-01-2023,22:28:53,22:29:02,9,sublime_text
24-01-2023,22:29:02,22:30:36,94,firefox-esr
24-01-2023,22:30:36,22:30:46,10,sublime_text
24-01-2023,22:30:46,22:30:51,5,firefox-esr
24-01-2023,22:30:51,22:31:55,64,sublime_text
24-01-2023,22:31:55,22:34:49,174,firefox-esr
24-01-2023,22:34:49,22:35:29,40,sublime_text
24-01-2023,22:35:29,22:35:33,4,firefox-esr
24-01-2023,22:35:33,22:36:47,74,sublime_text
24-01-2023,22:36:47,22:40:16,209,firefox-esr
24-01-2023,22:40:16,22:43:02,166,sublime_text
24-01-2023,22:43:02,22:43:06,4,panel-1-whisker
24-01-2023,22:43:06,22:44:54,108,leafpad
24-01-2023,22:44:54,22:47:21,147,sublime_text
24-01-2023,22:47:21,22:51:28,247,firefox-esr
24-01-2023,22:51:28,23:07:24,956,sublime_text
24-01-2023,23:07:24,23:07:40,16,firefox-esr
24-01-2023,23:07:40,23:29:17,1297,sublime_text
24-01-2023,23:29:17,23:29:51,34,firefox-esr
24-01-2023,23:29:51,23:35:09,318,sublime_text
24-01-2023,23:35:09,23:35:41,32,Thunar
24-01-2023,23:35:41,23:35:45,4,sublime_text
24-01-2023,23:35:45,23:36:43,58,Thunar
24-01-2023,23:36:43,23:39:39,176,sublime_text
24-01-2023,23:39:39,23:39:41,2,firefox-esr
24-01-2023,23:39:41,23:39:44,3,sublime_text
24-01-2023,23:39:44,23:39:45,1,firefox-esr
24-01-2023,23:39:45,23:40:12,27,sublime_text
24-01-2023,23:40:12,23:40:14,2,firefox-esr
24-01-2023,23:40:14,23:40:17,3,Thunar
24-01-2023,23:40:17,23:40:53,36,qterminal
24-01-2023,23:40:53,23:40:54,1,Thunar
24-01-2023,23:40:54,23:41:20,26,firefox-esr
24-01-2023,23:41:20,23:41:22,2,Thunar
24-01-2023,23:41:22,23:42:17,55,qterminal
24-01-2023,23:42:17,23:42:42,25,sublime_text
24-01-2023,23:42:42,23:43:54,72,qterminal
24-01-2023,23:43:54,23:44:01,7,sublime_text
24-01-2023,23:44:01,23:44:03,2,Thunar
24-01-2023,23:44:03,23:46:38,155,firefox-esr
24-01-2023,23:46:38,23:47:51,73,sublime_text
24-01-2023,23:47:51,23:51:46,235,firefox-esr
24-01-2023,23:51:46,23:51:53,7,sublime_text
24-01-2023,23:51:53,23:52:57,64,firefox-esr
24-01-2023,23:52:57,23:53:01,4,sublime_text
24-01-2023,23:53:01,23:56:08,187,firefox-esr
24-01-2023,23:56:08,23:56:15,7,sublime_text
24-01-2023,23:56:15,00:19:22,1387,firefox-esr
25-01-2023,00:19:22,00:19:34,12,engrampa
25-01-2023,00:19:34,00:19:54,20,firefox-esr
25-01-2023,00:19:54,00:19:57,3,Thunar
25-01-2023,00:19:57,00:20:00,3,engrampa
25-01-2023,00:20:00,00:20:23,23,Thunar
25-01-2023,00:20:23,00:24:28,245,firefox-esr
25-01-2023,00:24:28,00:24:29,1,sublime_text
25-01-2023,00:24:29,00:27:31,182,firefox-esr
25-01-2023,00:27:31,00:27:37,6,panel-1-whisker
25-01-2023,00:27:37,00:27:38,1,firefox-esr
25-01-2023,00:27:38,00:27:57,19,sqlitebrowser
25-01-2023,00:27:57,00:27:59,2,panel-1-whisker
25-01-2023,00:27:59,00:28:00,1,firefox-esr
25-01-2023,00:28:00,00:28:44,44,qterminal
25-01-2023,00:28:44,00:49:03,1219,firefox-esr
25-01-2023,00:49:03,00:49:05,2,qterminal
25-01-2023,00:49:05,10:04:29,33324,xfdesktop
25-01-2023,10:04:29,11:05:08,3639,xfdesktop
25-01-2023,11:05:08,11:05:10,2,panel-1-whisker
25-01-2023,11:05:10,11:05:12,2,sublime_text
25-01-2023,11:05:12,11:06:18,66,firefox-esr
25-01-2023,11:06:18,11:11:33,315,sublime_text
25-01-2023,11:11:33,11:11:39,6,firefox-esr
25-01-2023,11:11:39,11:18:00,381,sublime_text
25-01-2023,11:18:00,11:19:09,69,firefox-esr
25-01-2023,11:19:09,11:24:50,341,sublime_text
25-01-2023,11:24:50,11:31:00,370,firefox-esr
25-01-2023,11:31:00,11:31:18,18,qterminal
25-01-2023,11:31:18,11:31:49,31,firefox-esr
25-01-2023,11:31:49,11:31:51,2,qterminal
25-01-2023,11:31:51,11:32:03,12,sublime_text
25-01-2023,11:32:03,11:32:04,1,qterminal
25-01-2023,11:32:04,11:32:53,49,firefox-esr
25-01-2023,11:32:53,11:32:54,1,qterminal
25-01-2023,11:32:54,11:33:05,11,sublime_text
25-01-2023,11:33:05,11:33:06,1,qterminal
25-01-2023,11:33:06,11:33:09,3,firefox-esr
25-01-2023,11:33:09,11:33:10,1,qterminal
25-01-2023,11:33:10,11:33:11,1,firefox-esr
25-01-2023,11:33:11,11:33:18,7,sublime_text
25-01-2023,11:33:18,11:33:24,6,firefox-esr
25-01-2023,11:33:24,11:35:05,101,sublime_text
25-01-2023,11:35:05,11:35:11,6,firefox-esr
25-01-2023,11:35:11,11:35:14,3,sublime_text
25-01-2023,11:35:14,11:35:16,2,firefox-esr
25-01-2023,11:35:16,11:36:04,48,sublime_text
25-01-2023,11:36:04,11:36:13,9,firefox-esr
25-01-2023,11:36:13,11:37:46,93,sublime_text
25-01-2023,11:37:46,11:39:19,93,firefox-esr
25-01-2023,11:39:19,11:39:32,13,qterminal
25-01-2023,11:39:32,11:45:52,380,firefox-esr
25-01-2023,11:45:52,11:45:58,6,sublime_text
25-01-2023,11:45:58,11:46:02,4,firefox-esr
25-01-2023,11:46:02,11:46:03,1,sublime_text
25-01-2023,11:46:03,11:51:18,315,firefox-esr
25-01-2023,11:51:18,11:51:31,13,sublime_text
25-01-2023,11:51:31,11:53:20,109,firefox-esr
25-01-2023,11:53:20,11:53:39,19,sublime_text
25-01-2023,11:53:39,11:55:04,85,firefox-esr
25-01-2023,11:55:04,11:55:15,11,sublime_text
25-01-2023,11:55:15,11:56:13,58,firefox-esr
25-01-2023,11:56:13,11:56:14,1,sublime_text
25-01-2023,11:56:14,11:56:20,6,firefox-esr
25-01-2023,11:56:20,11:56:22,2,sublime_text
25-01-2023,11:56:22,11:56:35,13,firefox-esr
25-01-2023,11:56:35,11:56:36,1,sublime_text
25-01-2023,11:56:36,12:01:08,272,firefox-esr
25-01-2023,12:01:08,12:01:17,9,sublime_text
25-01-2023,12:01:17,12:03:26,129,firefox-esr
25-01-2023,12:03:26,12:03:45,19,Thunar
25-01-2023,12:03:45,12:03:59,14,qterminal
25-01-2023,12:03:59,12:04:01,2,Thunar
25-01-2023,12:04:01,12:04:13,12,qterminal
25-01-2023,12:04:13,12:04:15,2,Thunar
25-01-2023,12:04:15,12:07:56,221,firefox-esr
25-01-2023,12:07:56,12:07:58,2,sublime_text
25-01-2023,12:07:58,12:08:42,44,firefox-esr
25-01-2023,12:08:42,12:09:34,52,soffice.bin
25-01-2023,12:09:34,12:09:49,15,firefox-esr
25-01-2023,12:09:49,12:09:51,2,soffice.bin
25-01-2023,12:09:51,12:15:17,326,firefox-esr
25-01-2023,12:15:17,12:15:24,7,sublime_text
25-01-2023,12:15:24,12:16:31,67,firefox-esr
25-01-2023,12:16:31,12:17:36,65,sublime_text
25-01-2023,12:17:36,12:17:37,1,firefox-esr
25-01-2023,12:17:37,13:09:50,3133,xfdesktop
25-01-2023,13:09:50,13:09:52,2,panel-1-whisker
25-01-2023,13:09:52,13:09:58,6,sublime_text
25-01-2023,13:09:58,13:09:59,1,sublime_text
25-01-2023,13:09:59,13:10:02,3,firefox-esr
25-01-2023,13:10:02,13:10:27,25,qterminal
25-01-2023,13:10:27,13:24:48,861,firefox-esr
25-01-2023,13:24:48,13:25:02,14,sublime_text
25-01-2023,13:25:02,13:31:13,371,firefox-esr
25-01-2023,13:31:13,13:31:54,41,sublime_text
25-01-2023,13:31:54,13:32:02,8,firefox-esr
25-01-2023,13:32:02,13:32:07,5,sublime_text
25-01-2023,13:32:07,13:32:08,1,firefox-esr
25-01-2023,13:32:08,13:32:11,3,sublime_text
25-01-2023,13:32:11,13:32:12,1,firefox-esr
25-01-2023,13:32:12,13:32:31,19,sublime_text
25-01-2023,13:32:31,13:32:48,17,firefox-esr
25-01-2023,13:32:48,13:33:46,58,sublime_text
25-01-2023,13:33:46,13:33:47,1,firefox-esr
25-01-2023,13:33:47,13:33:48,1,sublime_text
25-01-2023,13:33:48,13:33:50,2,firefox-esr
25-01-2023,13:33:50,13:34:01,11,sublime_text
25-01-2023,13:34:01,13:34:02,1,firefox-esr
25-01-2023,13:34:02,13:35:49,107,sublime_text
25-01-2023,13:35:49,13:36:31,42,firefox-esr
25-01-2023,13:36:31,13:36:40,9,sublime_text
25-01-2023,13:36:40,13:36:48,8,firefox-esr
25-01-2023,13:36:48,13:37:06,18,sublime_text
25-01-2023,13:37:06,13:37:07,1,firefox-esr
25-01-2023,13:37:07,13:37:12,5,sublime_text
25-01-2023,13:37:12,13:37:13,1,firefox-esr
25-01-2023,13:37:13,13:37:30,17,sublime_text
25-01-2023,13:37:30,13:38:18,48,firefox-esr
25-01-2023,13:38:18,13:38:22,4,sublime_text
25-01-2023,13:38:22,13:38:32,10,firefox-esr
25-01-2023,13:38:32,13:40:43,131,sublime_text
25-01-2023,13:40:43,13:41:47,64,firefox-esr
25-01-2023,13:41:47,13:43:57,130,sublime_text
25-01-2023,13:43:57,13:53:14,557,firefox-esr
25-01-2023,13:53:14,13:56:04,170,nm-applet
25-01-2023,13:56:04,13:57:22,78,firefox-esr
25-01-2023,13:57:22,13:57:25,3,panel-1-whisker
25-01-2023,13:57:25,13:58:14,49,gnome-calculator
25-01-2023,13:58:14,14:04:38,384,firefox-esr
25-01-2023,14:04:38,14:04:43,5,sublime_text
25-01-2023,14:04:43,14:05:02,19,Thunar
25-01-2023,14:05:02,14:05:53,51,qterminal
25-01-2023,14:05:53,14:05:54,1,Thunar
25-01-2023,14:05:54,14:05:56,2,sublime_text
25-01-2023,14:05:56,14:05:57,1,Thunar
25-01-2023,14:05:57,14:05:58,1,sublime_text
25-01-2023,14:05:58,14:05:59,1,qterminal
